,full_name,contact_number,city,house_type,bhk_type,bed_count,furnishing_type,beds_vacant,house_id
1,anusha pariti,8105987404,Bangalore,Apartment,3 BHK,5,unfurnished,2,1
2,Garima yadav,81059237004,Bangalore,Apartment,2 BHK,2,fully-furnished,0,4
3,Kamal gera,8105987404,Bangalore,Apartment,3 BHK,3,semifurnished,0,7
4,Tushar kapoor,8926537154,Pune,Apartment,2 BHK,4,fully-furnished,1,8
5,Deepa sudhakar,7896785432,Pune,Apartment,1 BHK,1,unfurnished,0,11
6,Manisha Yadav,9867845182,Delhi,Apartment,3 BHK,3,fully-furnished,0,14
7,Shivani godha,9878673428,Delhi,Independent,1 BHK,2,unfurnished,1,15
8,Rajan pandey,8987647811,delhi,Apartment,3 BHK,3,fully-furnished,0,16
9,Roosena manuel,9875623345,Delhi,Independent,3 BHK,3,fully-furnished,1,17
10,Prabhjot gill,9800786688,Delhi,Independent,2 BHK,2,fully-furnished,1,18
11,Ankita sharma,9988789656,Delhi,Independent,3 BHK,3,fully-furnished,1,19
