,profile_id,rent,move_in_date,house_type,beds_vacant,descrip,city ,address
1,2,11000,05/06/2015,Apartment,1,"No.44,Ground floor,20th cross,Sector 2 HSR Layout,Bangalore.",bangalore,"stag saptgiri No.44,Ground floor,20th cross,Sector 2 HSR Layout,Bangalore. bangalore 560102"
2,3,12000,28/10/2015,Apartment,4,"No.44,First floor,20th cross,Sector 2 HSR Layout.",bangalore,"sri sai enclave No.44,First floor,20th cross,Sector 2 HSR Layout. bangalore 560102"
3,5,9000,15/05/2015,Independent,2,"#11,Annaiya Reddy Rd, Narayana Reddy Layout,Phase 2, Electronic City",bangalore,"Fella homes #11,Annaiya Reddy Rd, Narayana Reddy Layout,Phase 2, Electronic City bangalore 560100"
4,6,10200,25/12/2015,Apartment,1,"# 595/1, 1st Floor,1st A main, Domlur Layout",bangalore,"Juniper appartments # 595/1, 1st Floor,1st A main, Domlur Layout bangalore 560038"
5,8,7200,10/11/2015,Apartment,1,"Flat No-202, Apoorva Apartment No-296 Vyalikaval House Building Cooperative Society Ltd Nagavara",Delhi,"Apoorva society Flat No-202, Apoorva Apartment No-296 Vyalikaval House Building Cooperative Society Ltd Nagavara Delhi 561202"
6,10,7500,20/06/2015,Independent,1,"302,#473 VAK Residency, B-Block, AECS Layout Kundalahalli,",Delhi,"VaK Residency 302,#473 VAK Residency, B-Block, AECS Layout Kundalahalli, Delhi 456738"
7,18,8000,16/10/2015,Independent,1,"D1-1201, Uniworld Garden 2",Pune,"uniworld D1-1201, Uniworld Garden 2 Pune 543678"
8,19,7500,26/09/2015,Independent,1,"49, House 1 lathangi 2nd main vinayaka housing layout, RMV 2nd stage bhoopasandra",Pune,"Vinayaka residency 49, House 1 lathangi 2nd main vinayaka housing layout, RMV 2nd stage bhoopasandra Pune 560094"
9,20,9500,30/09/2015,Independent,2,"Majeera Diamond Towers,malad-west",Pune,"Sun city appartments Majeera Diamond Towers,malad-west Pune 5600263"
